ref, interest
1
2
3
4, "special interest"
5
6
7
8, "outstanding interest"
9
10
11
12
5
13
14
15
16
17
18
19
20
21
22
23
17
8, "outstanding interest"
24, "special interest"
25
26
27
28
14
29
30
31
34
35
36
37
38
39
40
41
42
43
44
45
46
47
48
49
50
51
52
53
54, "special interest"
31
55
52
56, "special interest"
57
58
59
44
61
62
63
64
65
66
13
67, "outstanding interest"
17
68
69
70, "special interest"
71
72
73
74
75, "special interest"
76, "special interest"
77
62
63
78, "special interest"
79
75, "special interest"
80, "special interest"
81
82
83
84
85
86
87
88
89
90
91
92, "outstanding interest"
93
94, "special interest"
70, "special interest"
95
96, "outstanding interest"
97, "outstanding interest"
98
92, "outstanding interest"
99, "outstanding interest"
100
101
102
103
104
105
106
67, "outstanding interest"
97, "outstanding interest"
107, "outstanding interest"
108
109, "outstanding interest"
110
106
111
107, "outstanding interest"
112
113
114, "special interest"
115, "outstanding interest"
57
59
60
